{
  "IsEncrypted": false,
  "Values": {
    "FUNCTIONS_EXTENSION_VERSION": "~2",
    "API_Location_Face": "Westeurope",
    "API_SubscriptionKey_Face": "32b87b350ff1497ba7659e90a107e59c",
    "AzureWebJobsStorage": "DefaultEndpointsProtocol=https;AccountName=devfakeprofilessa;AccountKey=I2S+My0Rv3nfCM+ZorOlJCEVRwIbLzy8XZzXKaj+Kp7f3Hc/VB2Tife2+JEravUD9MawxhSAxCr4X4KbwnBfMA==;EndpointSuffix=core.windows.net",
    "PSWorkerInProcConcurrencyUpperBound": "10",
    "FUNCTIONS_WORKER_RUNTIME": "Powershell"
  }
}
