{
  "Values": {
    "API_Location_Face": "Westeurope",
    "FUNCTIONS_WORKER_RUNTIME": "Powershell",
    "FUNCTIONS_EXTENSION_VERSION": "~2",
    "API_SubscriptionKey_Face": "b00d7105a7714b5c826417d38e6c30c1",
    "AzureWebJobsStorage": "DefaultEndpointsProtocol=https;AccountName=devfakeprofilessa;AccountKey=wIOyeIJlo6hbnu//oQjYF6r5KId4qUArpOhcTkILfEMy+QZw1lXJ1eHxOraSXRNsFVUrWNS/gxhFZQz6c7y77A==;EndpointSuffix=core.windows.net",
    "PSWorkerInProcConcurrencyUpperBound": "10"
  },
  "IsEncrypted": false
}
