<?xml version="1.0"?>
<doc>
    <assembly>
        <name>Cronos</name>
    </assembly>
    <members>
        <member name="T:Cronos.CronExpression">
            <summary>
            Provides a parser and scheduler for cron expressions.
            </summary>
        </member>
        <member name="M:Cronos.CronExpression.Parse(System.String)">
            <summary>
             Constructs a new <see cref="T:Cronos.CronExpression"/> based on the specified
             cron expression. It's supported expressions consisting of 5 fields:
             minute, hour, day of month, month, day of week. 
             If you want to parse non-standard cron expressions use <see cref="M:Cronos.CronExpression.Parse(System.String,Cronos.CronFormat)"/> with specified CronFields argument.
             See more: <a href="https://github.com/HangfireIO/Cronos">https://github.com/HangfireIO/Cronos</a>
             </summary>
        </member>
        <member name="M:Cronos.CronExpression.Parse(System.String,Cronos.CronFormat)">
            <summary>
             Constructs a new <see cref="T:Cronos.CronExpression"/> based on the specified
             cron expression. It's supported expressions consisting of 5 or 6 fields:
             second (optional), minute, hour, day of month, month, day of week. 
             See more: <a href="https://github.com/HangfireIO/Cronos">https://github.com/HangfireIO/Cronos</a>
             </summary>
        </member>
        <member name="M:Cronos.CronExpression.GetNextOccurrence(System.DateTime,System.Boolean)">
            <summary>
            Calculates next occurrence starting with <paramref name="fromUtc"/> (optionally <paramref name="inclusive"/>) in UTC time zone.
            </summary>
        </member>
        <member name="M:Cronos.CronExpression.GetOccurrences(System.DateTime,System.DateTime,System.Boolean,System.Boolean)">
            <summary>
            Returns the list of next occurrences within the given date/time range,
            including <paramref name="fromUtc"/> and excluding <paramref name="toUtc"/>
            by default, and UTC time zone. When none of the occurrences found, an 
            empty list is returned.
            </summary>
        </member>
        <member name="M:Cronos.CronExpression.GetNextOccurrence(System.DateTime,System.TimeZoneInfo,System.Boolean)">
            <summary>
            Calculates next occurrence starting with <paramref name="fromUtc"/> (optionally <paramref name="inclusive"/>) in given <paramref name="zone"/>
            </summary>
        </member>
        <member name="M:Cronos.CronExpression.GetOccurrences(System.DateTime,System.DateTime,System.TimeZoneInfo,System.Boolean,System.Boolean)">
            <summary>
            Returns the list of next occurrences within the given date/time range, including
            <paramref name="fromUtc"/> and excluding <paramref name="toUtc"/> by default, and 
            specified time zone. When none of the occurrences found, an empty list is returned.
            </summary>
        </member>
        <member name="M:Cronos.CronExpression.GetNextOccurrence(System.DateTimeOffset,System.TimeZoneInfo,System.Boolean)">
            <summary>
            Calculates next occurrence starting with <paramref name="from"/> (optionally <paramref name="inclusive"/>) in given <paramref name="zone"/>
            </summary>
        </member>
        <member name="M:Cronos.CronExpression.GetOccurrences(System.DateTimeOffset,System.DateTimeOffset,System.TimeZoneInfo,System.Boolean,System.Boolean)">
            <summary>
            Returns the list of occurrences within the given date/time offset range,
            including <paramref name="from"/> and excluding <paramref name="to"/> by
            default. When none of the occurrences found, an empty list is returned.
            </summary>
        </member>
        <member name="M:Cronos.CronExpression.ToString">
            <inheritdoc />
        </member>
        <member name="M:Cronos.CronExpression.Equals(Cronos.CronExpression)">
            <summary>
            Determines whether the specified <see cref="T:System.Object"/> is equal to the current <see cref="T:System.Object"/>.
            </summary>
            <param name="other">The <see cref="T:System.Object"/> to compare with the current <see cref="T:System.Object"/>.</param>
            <returns>
            <c>true</c> if the specified <see cref="T:System.Object"/> is equal to the current <see cref="T:System.Object"/>; otherwise, <c>false</c>.
            </returns>
        </member>
        <member name="M:Cronos.CronExpression.Equals(System.Object)">
            <summary>
            Determines whether the specified <see cref="T:System.Object" /> is equal to this instance.
            </summary>
            <param name="obj">The <see cref="T:System.Object" /> to compare with this instance.</param>
            <returns>
            <c>true</c> if the specified <see cref="T:System.Object" /> is equal to this instance;
            otherwise, <c>false</c>.
            </returns>
        </member>
        <member name="M:Cronos.CronExpression.GetHashCode">
            <summary>
            Returns a hash code for this instance.
            </summary>
            <returns>
            A hash code for this instance, suitable for use in hashing algorithms and data
            structures like a hash table. 
            </returns>
        </member>
        <member name="M:Cronos.CronExpression.op_Equality(Cronos.CronExpression,Cronos.CronExpression)">
            <summary>
            Implements the operator ==.
            </summary>
        </member>
        <member name="M:Cronos.CronExpression.op_Inequality(Cronos.CronExpression,Cronos.CronExpression)">
            <summary>
            Implements the operator !=.
            </summary>
        </member>
        <member name="T:Cronos.CronFormat">
            <summary>
            Defines the cron format options that customize string parsing for <see cref="M:Cronos.CronExpression.Parse(System.String,Cronos.CronFormat)"/>.
            </summary>
        </member>
        <member name="F:Cronos.CronFormat.Standard">
            <summary>
            Parsing string must contain only 5 fields: minute, hour, day of month, month, day of week.
            </summary>
        </member>
        <member name="F:Cronos.CronFormat.IncludeSeconds">
            <summary>
            Second field must be specified in parsing string.
            </summary>
        </member>
        <member name="T:Cronos.CronFormatException">
            <summary>
            Represents an exception that's thrown, when invalid Cron expression is given.
            </summary>
        </member>
        <member name="M:Cronos.CronFormatException.#ctor(System.String)">
            <summary>
            Initializes a new instance of the <see cref="T:Cronos.CronFormatException"/> class with
            the given message.
            </summary>
        </member>
    </members>
</doc>
